{"cameraMode":{"drawMode":0,"name":"Shaded","section":"Shading Mode"},"sceneLighting":true,"audioPlay":false,"sceneViewState":{"showFog":true,"showMaterialUpdate":false,"showSkybox":false,"showFlares":true,"showImageEffects":true,"showParticleSystems":true,"showVisualEffectGraphs":true,"m_FxEnabled":true},"in2DMode":false,"pivot":{"x":-23.373504638671876,"y":1.2551445960998536,"z":25.437660217285158},"rotation":{"x":0.18629316985607148,"y":0.35615986585617068,"z":-0.07189170271158219,"w":0.9129969477653503},"size":6.864226341247559,"orthographic":false}