{"cameraMode":{"drawMode":0,"name":"Shaded","section":"Shading Mode"},"sceneLighting":true,"audioPlay":false,"sceneViewState":{"showFog":true,"showMaterialUpdate":false,"showSkybox":true,"showFlares":true,"showImageEffects":true,"showParticleSystems":true,"showVisualEffectGraphs":true,"m_FxEnabled":true},"in2DMode":false,"pivot":{"x":7.886703014373779,"y":-357.1705017089844,"z":217.29049682617188},"rotation":{"x":0.5038971900939941,"y":0.020140839740633966,"z":-0.011649595573544503,"w":0.8633663654327393},"size":235.35455322265626,"orthographic":false}