{"cameraMode":{"drawMode":0,"name":"Shaded","section":"Shading Mode"},"sceneLighting":true,"audioPlay":false,"sceneViewState":{"showFog":true,"showMaterialUpdate":false,"showSkybox":true,"showFlares":true,"showImageEffects":true,"showParticleSystems":true,"showVisualEffectGraphs":true,"m_FxEnabled":true},"in2DMode":false,"pivot":{"x":-7.1100006103515629,"y":11.079999923706055,"z":-2.5900003910064699},"rotation":{"x":0.4319281280040741,"y":-0.13841034471988679,"z":0.06727051734924317,"w":0.8886849880218506},"size":-1.5542528629302979,"orthographic":false}