{"cameraMode":{"drawMode":0,"name":"Shaded","section":"Shading Mode"},"sceneLighting":true,"audioPlay":false,"sceneViewState":{"showFog":true,"showMaterialUpdate":false,"showSkybox":true,"showFlares":true,"showImageEffects":true,"showParticleSystems":true,"showVisualEffectGraphs":true,"m_FxEnabled":true},"in2DMode":false,"pivot":{"x":-7.030000686645508,"y":14.085000038146973,"z":2.890000343322754},"rotation":{"x":0.6091566681861877,"y":0.007679392583668232,"z":-0.005433244165033102,"w":0.7931941151618958},"size":17.59515953063965,"orthographic":false}