{"cameraMode":{"drawMode":0,"name":"Shaded","section":"Shading Mode"},"sceneLighting":false,"audioPlay":false,"sceneViewState":{"showFog":true,"showMaterialUpdate":false,"showSkybox":false,"showFlares":true,"showImageEffects":true,"showParticleSystems":true,"showVisualEffectGraphs":true,"m_FxEnabled":true},"in2DMode":false,"pivot":{"x":-6.0323262214660648,"y":0.40308529138565066,"z":5.262848854064941},"rotation":{"x":0.611638069152832,"y":0.018737303093075753,"z":-0.013688838109374047,"w":0.7909894585609436},"size":17.011972427368165,"orthographic":false}