{"cameraMode":{"drawMode":0,"name":"Shaded","section":"Shading Mode"},"sceneLighting":false,"audioPlay":false,"sceneViewState":{"showFog":true,"showMaterialUpdate":false,"showSkybox":false,"showFlares":true,"showImageEffects":true,"showParticleSystems":true,"showVisualEffectGraphs":true,"m_FxEnabled":true},"in2DMode":false,"pivot":{"x":-6.0323262214660648,"y":0.40308529138565066,"z":5.262848854064941},"rotation":{"x":0.0017062403494492174,"y":-0.9813737869262695,"z":-0.011890077032148838,"w":-0.19252243638038636},"size":17.011972427368165,"orthographic":false}