{"cameraMode":{"drawMode":0,"name":"Shaded","section":"Shading Mode"},"sceneLighting":false,"audioPlay":false,"sceneViewState":{"showFog":true,"showMaterialUpdate":false,"showSkybox":false,"showFlares":true,"showImageEffects":true,"showParticleSystems":true,"showVisualEffectGraphs":true,"m_FxEnabled":true},"in2DMode":false,"pivot":{"x":-1.5324907302856446,"y":4.2604169845581059,"z":3.4270071983337404},"rotation":{"x":-0.025501489639282228,"y":-0.6994102597236633,"z":0.024985242635011674,"w":-0.7138426899909973},"size":7.056073188781738,"orthographic":false}